titulo,hora,subtitulo,tema
133 cardeais de 70 países: veja perfil do conclave que elegerá o papa,Há 3 horas Mundo,Quando começa o conclave? Confira a data estimada,Futuro da Igreja
'Franciscus': veja imagens do túmulo do papa em basílica de Roma,Há 5 horas Mundo,Primeira missa após sepultamento reúne 200 mil pessoas,Adeus a Francisco
Fernanda Torres e Walter Salles ganham Prêmios Platino,Há 30 minutos Cinema,,'Ainda Estou Aqui'
Novelas das 21h são as mais aclamadas em ranking de 60 anos da TV Globo,Há 11 horas TV Globo 60 anos,"TV Globo 60 anos: veja destaques do aniversário
JN celebra conexão com o Sudeste, seus desafios e conquistas",TV Globo 60 anos
,,,
Brasil deve aproveitar crise entre EUA e China para exportar mais carne,Há 2 horas Agronegócios,"As 5 vantagens da China na guerra comercial
'Taxa das blusinhas' de Trump: Shein fica 377% mais cara nos EUA",Guerra de tarifas
"Conheça maior cratera criada por meteoro na América do Sul, maior que a cidade do Rio",Há 9 horas Mato Grosso,,☄️Domo de Araguainha
Brasileiros são pagos para treinar a IA para não sugerir 'beber até cair',,Há 6 horas Tecnologia,'Lado Darth Vader da mente'
,,,
Ex-CEO do Hurb ficará preso por tempo indeterminado,,Há 2 horas Rio de Janeiro,Rio de Janeiro
